-- Base de datos: `entralia`
--

USE entralia;

--
-- Volcado de datos para la tabla `asiento`
--

INSERT INTO `asiento` (`id_asiento`, `id_evento`, `numero`, `ocupado`) VALUES
(1, 7, 'A001', 1),
(2, 7, 'A002', 1),
(3, 7, 'A003', 1),
(4, 7, 'A004', 1),
(5, 7, 'A005', 1),
(6, 7, 'A006', 1),
(7, 7, 'A007', 1),
(8, 7, 'A008', 1),
(9, 7, 'A009', 1),
(10, 7, 'A010', 1),
(11, 7, 'A011', 0),
(12, 7, 'A012', 0),
(13, 7, 'A013', 0),
(14, 7, 'A014', 0),
(15, 7, 'A015', 0),
(16, 7, 'A016', 0),
(17, 7, 'A017', 0),
(18, 7, 'A018', 0),
(19, 7, 'A019', 0),
(20, 7, 'A020', 0),
(21, 7, 'A021', 0),
(22, 7, 'A022', 0),
(23, 7, 'A023', 0),
(24, 7, 'A024', 0),
(25, 7, 'A025', 0),
(26, 7, 'A026', 0),
(27, 7, 'A027', 0),
(28, 7, 'A028', 0),
(29, 7, 'A029', 0),
(30, 7, 'A030', 0),
(31, 7, 'A031', 0),
(32, 7, 'A032', 0),
(33, 7, 'A033', 0),
(34, 7, 'A034', 0),
(35, 7, 'A035', 0),
(36, 7, 'A036', 0),
(37, 7, 'A037', 0),
(38, 7, 'A038', 0),
(39, 7, 'A039', 0),
(40, 7, 'A040', 0),
(41, 7, 'A041', 0),
(42, 7, 'A042', 0),
(43, 7, 'A043', 0),
(44, 7, 'A044', 0),
(45, 7, 'A045', 0),
(46, 7, 'A046', 0),
(47, 7, 'A047', 0),
(48, 7, 'A048', 0),
(49, 7, 'A049', 0),
(50, 7, 'A050', 0),
(51, 7, 'A051', 0),
(52, 7, 'A052', 0),
(53, 7, 'A053', 0),
(54, 7, 'A054', 0),
(55, 7, 'A055', 0),
(56, 7, 'A056', 0),
(57, 7, 'A057', 0),
(58, 7, 'A058', 0),
(59, 7, 'A059', 0),
(60, 7, 'A060', 0),
(61, 7, 'A061', 0),
(62, 7, 'A062', 0),
(63, 7, 'A063', 0),
(64, 7, 'A064', 0),
(65, 7, 'A065', 0),
(66, 7, 'A066', 0),
(67, 7, 'A067', 0),
(68, 7, 'A068', 0),
(69, 7, 'A069', 0),
(70, 7, 'A070', 0),
(71, 7, 'A071', 0),
(72, 7, 'A072', 0),
(73, 7, 'A073', 0),
(74, 7, 'A074', 0),
(75, 7, 'A075', 0),
(76, 7, 'A076', 0),
(77, 7, 'A077', 0),
(78, 7, 'A078', 0),
(79, 7, 'A079', 0),
(80, 7, 'A080', 0),
(81, 7, 'A081', 0),
(82, 7, 'A082', 0),
(83, 7, 'A083', 0),
(84, 7, 'A084', 0),
(85, 7, 'A085', 0),
(86, 7, 'A086', 0),
(87, 7, 'A087', 0),
(88, 7, 'A088', 0),
(89, 7, 'A089', 0),
(90, 7, 'A090', 0),
(91, 7, 'A091', 0),
(92, 7, 'A092', 0),
(93, 7, 'A093', 0),
(94, 7, 'A094', 0),
(95, 7, 'A095', 0),
(96, 7, 'A096', 0),
(97, 7, 'A097', 0),
(98, 7, 'A098', 0),
(99, 7, 'A099', 0),
(100, 7, 'A100', 0),
(128, 5, 'B001', 1),
(129, 5, 'B002', 0),
(130, 5, 'B003', 0),
(131, 5, 'B004', 0),
(132, 5, 'B005', 0),
(133, 5, 'B006', 0),
(134, 5, 'B007', 0),
(135, 5, 'B008', 0),
(136, 5, 'B009', 0),
(137, 5, 'B010', 0),
(138, 5, 'B011', 0),
(139, 5, 'B012', 0),
(140, 5, 'B013', 0),
(141, 5, 'B014', 0),
(142, 5, 'B015', 0),
(143, 5, 'B016', 0),
(144, 5, 'B017', 0),
(145, 5, 'B018', 0),
(146, 5, 'B019', 0),
(147, 5, 'B020', 0),
(148, 5, 'B021', 0),
(149, 5, 'B022', 0),
(150, 5, 'B023', 0),
(151, 5, 'B024', 0),
(152, 5, 'B025', 0),
(153, 5, 'B026', 0),
(154, 5, 'B027', 0),
(155, 5, 'B028', 0),
(156, 5, 'B029', 0),
(157, 5, 'B030', 0),
(158, 5, 'B031', 0),
(159, 5, 'B032', 0),
(160, 5, 'B033', 0),
(161, 5, 'B034', 0),
(162, 5, 'B035', 0),
(163, 5, 'B036', 0),
(164, 5, 'B037', 0),
(165, 5, 'B038', 0),
(166, 5, 'B039', 0),
(167, 5, 'B040', 0),
(168, 5, 'B041', 0),
(169, 5, 'B042', 0),
(170, 5, 'B043', 0),
(171, 5, 'B044', 0),
(172, 5, 'B045', 0),
(173, 5, 'B046', 0),
(174, 5, 'B047', 0),
(175, 5, 'B048', 0),
(176, 5, 'B049', 0),
(177, 5, 'B050', 0),
(178, 5, 'B051', 0),
(179, 5, 'B052', 0),
(180, 5, 'B053', 0),
(181, 5, 'B054', 0),
(182, 5, 'B055', 0),
(183, 5, 'B056', 0),
(184, 5, 'B057', 0),
(185, 5, 'B058', 0),
(186, 5, 'B059', 0),
(187, 5, 'B060', 0),
(188, 5, 'B061', 0),
(189, 5, 'B062', 0),
(190, 5, 'B063', 0),
(191, 5, 'B064', 0),
(192, 5, 'B065', 0),
(193, 5, 'B066', 0),
(194, 5, 'B067', 0),
(195, 5, 'B068', 0),
(196, 5, 'B069', 0),
(197, 5, 'B070', 0),
(198, 5, 'B071', 0),
(199, 5, 'B072', 0),
(200, 5, 'B073', 0),
(201, 5, 'B074', 0),
(202, 5, 'B075', 0),
(203, 5, 'B076', 0),
(204, 5, 'B077', 0),
(205, 5, 'B078', 0),
(206, 5, 'B079', 0),
(207, 5, 'B080', 0),
(208, 5, 'B081', 0),
(209, 5, 'B082', 0),
(210, 5, 'B083', 0),
(211, 5, 'B084', 0),
(212, 5, 'B085', 0),
(213, 5, 'B086', 0),
(214, 5, 'B087', 0),
(215, 5, 'B088', 0),
(216, 5, 'B089', 0),
(217, 5, 'B090', 0),
(218, 5, 'B091', 0),
(219, 5, 'B092', 0),
(220, 5, 'B093', 0),
(221, 5, 'B094', 0),
(222, 5, 'B095', 0),
(223, 5, 'B096', 0),
(224, 5, 'B097', 0),
(225, 5, 'B098', 0),
(226, 5, 'B099', 0),
(227, 5, 'B100', 0),
(255, 5, 'B001', 0),
(256, 5, 'B002', 0),
(257, 5, 'B003', 0),
(258, 5, 'B004', 0),
(259, 5, 'B005', 0),
(260, 5, 'B006', 0),
(261, 5, 'B007', 0),
(262, 5, 'B008', 0),
(263, 5, 'B009', 0),
(264, 5, 'B010', 0),
(265, 5, 'B011', 0),
(266, 5, 'B012', 0),
(267, 5, 'B013', 0),
(268, 5, 'B014', 0),
(269, 5, 'B015', 0),
(270, 5, 'B016', 0),
(271, 5, 'B017', 0),
(272, 5, 'B018', 0),
(273, 5, 'B019', 0),
(274, 5, 'B020', 0),
(275, 5, 'B021', 0),
(276, 5, 'B022', 0),
(277, 5, 'B023', 0),
(278, 5, 'B024', 0),
(279, 5, 'B025', 0),
(280, 5, 'B026', 0),
(281, 5, 'B027', 0),
(282, 5, 'B028', 0),
(283, 5, 'B029', 0),
(284, 5, 'B030', 0),
(285, 5, 'B031', 0),
(286, 5, 'B032', 0),
(287, 5, 'B033', 0),
(288, 5, 'B034', 0),
(289, 5, 'B035', 0),
(290, 5, 'B036', 0),
(291, 5, 'B037', 0),
(292, 5, 'B038', 0),
(293, 5, 'B039', 0),
(294, 5, 'B040', 0),
(295, 5, 'B041', 0),
(296, 5, 'B042', 0),
(297, 5, 'B043', 0),
(298, 5, 'B044', 0),
(299, 5, 'B045', 0),
(300, 5, 'B046', 0),
(301, 5, 'B047', 0),
(302, 5, 'B048', 0),
(303, 5, 'B049', 0),
(304, 5, 'B050', 0),
(305, 5, 'B051', 0),
(306, 5, 'B052', 0),
(307, 5, 'B053', 0),
(308, 5, 'B054', 0),
(309, 5, 'B055', 0),
(310, 5, 'B056', 0),
(311, 5, 'B057', 0),
(312, 5, 'B058', 0),
(313, 5, 'B059', 0),
(314, 5, 'B060', 0),
(315, 5, 'B061', 0),
(316, 5, 'B062', 0),
(317, 5, 'B063', 0),
(318, 5, 'B064', 0),
(319, 5, 'B065', 0),
(320, 5, 'B066', 0),
(321, 5, 'B067', 0),
(322, 5, 'B068', 0),
(323, 5, 'B069', 0),
(324, 5, 'B070', 0),
(325, 5, 'B071', 0),
(326, 5, 'B072', 0),
(327, 5, 'B073', 0),
(328, 5, 'B074', 0),
(329, 5, 'B075', 0),
(330, 5, 'B076', 0),
(331, 5, 'B077', 0),
(332, 5, 'B078', 0),
(333, 5, 'B079', 0),
(334, 5, 'B080', 0),
(335, 5, 'B081', 0),
(336, 5, 'B082', 0),
(337, 5, 'B083', 0),
(338, 5, 'B084', 0),
(339, 5, 'B085', 0),
(340, 5, 'B086', 0),
(341, 5, 'B087', 0),
(342, 5, 'B088', 0),
(343, 5, 'B089', 0),
(344, 5, 'B090', 0),
(345, 5, 'B091', 0),
(346, 5, 'B092', 0),
(347, 5, 'B093', 0),
(348, 5, 'B094', 0),
(349, 5, 'B095', 0),
(350, 5, 'B096', 0),
(351, 5, 'B097', 0),
(352, 5, 'B098', 0),
(353, 5, 'B099', 0),
(354, 5, 'B100', 0);

--
-- Volcado de datos para la tabla `compra`
--

INSERT INTO `compra` (`id_compra`, `id_usuario`, `fecha_compra`) VALUES
(48, 2, '2026-04-22 12:19:33'),
(49, 2, '2026-04-22 12:20:09'),
(50, 2, '2026-04-22 12:20:44'),
(51, 2, '2026-04-22 12:23:27'),
(52, 2, '2026-04-22 12:27:05'),
(53, 2, '2026-04-22 12:40:47'),
(54, 2, '2026-04-22 12:42:08'),
(55, 2, '2026-04-22 12:54:49'),
(56, 2, '2026-04-22 12:56:38'),
(57, 2, '2026-04-22 13:02:31'),
(58, 2, '2026-04-22 13:05:55'),
(59, 2, '2026-04-22 13:10:27'),
(60, 2, '2026-04-22 13:14:14'),
(61, 2, '2026-04-22 13:16:54'),
(62, 1, '2026-04-23 09:31:54'),
(63, 1, '2026-04-23 09:32:45'),
(64, 1, '2026-04-23 09:33:08'),
(65, 1, '2026-04-23 09:57:31'),
(66, 1, '2026-04-23 09:57:46'),
(67, 1, '2026-04-23 09:57:59'),
(68, 1, '2026-04-23 09:59:16'),
(69, 1, '2026-04-23 09:59:41'),
(70, 1, '2026-04-23 10:00:47'),
(71, 1, '2026-04-23 10:01:03'),
(72, 1, '2026-04-23 10:01:11'),
(73, 2, '2026-04-23 10:12:24'),
(74, 2, '2026-04-23 13:15:53');

--
-- Volcado de datos para la tabla `detalle_compra`
--

INSERT INTO `detalle_compra` (`id_detalle`, `id_compra`, `id_evento`, `id_tipo_entrada`, `cantidad`, `precio_unitario`, `asiento`) VALUES
(47, 48, 7, 19, 1, 55.00, NULL),
(48, 49, 2, 5, 1, 110.00, NULL),
(49, 50, 2, 5, 1, 110.00, NULL),
(50, 51, 7, 19, 1, 55.00, NULL),
(51, 52, 7, 19, 1, 55.00, NULL),
(52, 53, 7, 19, 1, 55.00, NULL),
(53, 54, 5, 14, 1, 45.00, NULL),
(54, 55, 7, 19, 1, 55.00, NULL),
(55, 56, 5, 15, 1, 22.00, NULL),
(56, 57, 5, 14, 1, 45.00, NULL),
(57, 58, 5, 14, 1, 45.00, NULL),
(58, 59, 5, 14, 1, 45.00, NULL),
(59, 60, 5, 14, 1, 45.00, NULL),
(60, 61, 5, 14, 1, 45.00, 'B001'),
(61, 62, 2, 5, 1, 110.00, NULL),
(62, 62, 2, 6, 1, 55.00, NULL),
(63, 63, 7, 19, 1, 55.00, 'A001'),
(64, 64, 6, 16, 1, 95.00, NULL),
(65, 65, 7, 19, 1, 55.00, 'A002'),
(66, 66, 7, 19, 1, 55.00, 'A003'),
(67, 67, 7, 19, 1, 55.00, 'A004'),
(68, 68, 7, 19, 1, 55.00, 'A005'),
(69, 69, 7, 19, 1, 55.00, 'A006'),
(70, 70, 2, 5, 2, 110.00, NULL),
(71, 70, 2, 5, 1, 110.00, NULL),
(72, 71, 7, 19, 1, 55.00, 'A007'),
(73, 73, 7, 19, 1, 55.00, 'A008'),
(74, 73, 7, 20, 1, 35.00, 'A009'),
(75, 73, 7, 20, 1, 35.00, 'A010'),
(76, 74, 2, 5, 1, 110.00, NULL),
(77, 74, 2, 4, 1, 170.00, NULL);

--
-- Volcado de datos para la tabla `evento`
--

INSERT INTO `evento` (`id_evento`, `nombre`, `aforo_total`, `sitio`, `fecha`, `imagen`, `descripcion`, `usa_asientos`) VALUES
(1, 'Concierto Bruno Mars', 5000, 'Madrid', '2026-05-16', 'bruno.webp', 'Un show lleno de funk, soul y pop con el inconfundible estilo de Bruno Mars.', 0),
(2, 'Concierto Shakira', 6000, 'Barcelona', '2026-04-30', 'shakira.webp', 'Una noche explosiva llena de energía latina, coreografías icónicas y los mayores éxitos de Shakira. ', 0),
(3, 'Feria de Gastronomía', 5000, 'IFEMA Madrid', '2026-06-12', 'gastronomia2.jpg', 'Un evento culinario con chefs de más de 20 países, degustaciones, talleres y experiencias gastronómicas únicas.', 0),
(4, 'Tecnología y Futuro', 8000, 'Barcelona', '2026-09-20', 'tecnologia.webp', 'La mayor exposición de innovación, robótica, IA y startups tecnológicas del año.', 0),
(5, 'Sombras en la Ciudad', 300, 'Teatro Real', '2026-06-12', 'ciudad_futuristica.jpg', 'Un thriller teatral lleno de misterio en una ciudad futurista, con música original y efectos visuales envolventes.', 1),
(6, 'Festival Indie Luz & Sonido', 2000, 'Parque del Retiro', '2026-07-03', 'festival2.jpg', 'Un festival al aire libre con bandas indie del momento, un ambiente relajado y un escenario iluminado con tonos pastel.', 0),
(7, 'Risas en Madrid', 500, 'Teatro Capitol', '2026-05-22', 'comedia.jpg', 'Comedia fresca y actual, el humorista repasa situaciones cotidianas de manera cercana que garantiza carcajadas.', 1),
(8, 'Noches de Viena', 800, 'Auditorio Nacional', '2026-06-28', 'viena.webp', 'Una velada elegante con valses, oberturas y piezas clásicas interpretadas por una orquesta internacional de primer nivel.', 0),
(9, 'Expo Gaming & VR 2026', 5000, 'IFEMA Madrid', '2026-09-10', 'videojuegos.png', 'Feria de videojuegos y realidad virtual del año, con zonas de prueba, torneos y experiencias para todos los públicos.', 0);

--
-- Volcado de datos para la tabla `tipo_entrada`
--

INSERT INTO `tipo_entrada` (`id_tipo_entrada`, `id_evento`, `precio`, `nombre`, `stock`) VALUES
(1, 1, 120.00, 'VIP', 0),
(2, 1, 80.00, 'Palco', 0),
(3, 1, 40.00, 'Grada', 0),
(4, 2, 170.00, 'VIP', 5),
(5, 2, 110.00, 'Palco', 177),
(6, 2, 55.00, 'Grada', 600),
(7, 3, 40.00, 'VIP', 80),
(8, 3, 25.00, 'Palco', 200),
(9, 3, 12.00, 'Grada', 800),
(10, 4, 90.00, 'VIP', 100),
(11, 4, 55.00, 'Palco', 300),
(12, 4, 25.00, 'Grada', 1000),
(13, 5, 70.00, 'VIP', 4),
(14, 5, 45.00, 'Palco', 74),
(15, 5, 22.00, 'Grada', 199),
(16, 6, 95.00, 'VIP', 120),
(17, 6, 60.00, 'Palco', 300),
(18, 6, 30.00, 'Grada', 1500),
(19, 7, 55.00, 'VIP', 35),
(20, 7, 35.00, 'Palco', 100),
(21, 7, 15.00, 'Grada', 300),
(22, 8, 120.00, 'VIP', 50),
(23, 8, 75.00, 'Palco', 150),
(24, 8, 35.00, 'Grada', 400),
(25, 9, 65.00, 'VIP', 200),
(26, 9, 40.00, 'Palco', 400),
(27, 9, 20.00, 'Grada', 2000);

--
-- Volcado de datos para la tabla `usuario`
--

INSERT INTO `usuario` (`id_usuario`, `nombre`, `email`, `rol`) VALUES
(1, 'cristinamg210@gmail.com', 'cristinamg210@gmail.com', 'ADMIN'),
(2, 'cristinamg210@alumnos.ilerna.com', 'cristinamg210@alumnos.ilerna.com', 'USER'),
(3, 'angelroquepozi@alumnos.ilerna.com', 'angelroquepozi@alumnos.ilerna.com', 'USER');
COMMIT;